date,percent_change,num_articles,chatgpt_explanation,chatgpt_explanation_spanish,chatgpt_explanation_chinese,chatgpt_explanation_korean
2022-09-13,-5.868,20,"The cause of the drop in the stock price could be due to a variety of factors. For example, news headlines related to the consolidation in the chip industry, the appointment of a former Apple executive to a credit card startup, an increase in weekly jobless claims, a website and store app briefly looking like ""Craigslist"", mixed reactions to the new iPhone 14, Apple being the first company to assemble smart phones in India, the ratings game for Snap stock, inflation rate and consumer inflation expectations, and Steve Jobs' dispute with Samsung could all have had an impact on the stock price. Additionally, news headlines related to the launch of the iPhone 14, strong demand for the iPhone 14 Pro models, the Emmy Award win for a Netflix game, and Steve Jobs' lack of furniture could have also had an impact on the stock price.","La causa de la caída en el precio de las acciones podría deberse a una variedad de factores. Por ejemplo, titulares de noticias relacionados con la consolidación en la industria de chips, la designación de un ex ejecutivo de Apple para una startup de tarjetas de crédito, un aumento en las solicitudes de desempleo semanales, un sitio web y una aplicación de tienda que brevemente se parecían a ""Craigslist"", reacciones mixtas ante el nuevo iPhone 14, Apple siendo la primera empresa en ensamblar teléfonos inteligentes en India, el juego de calificaciones para la acción de Snap, la tasa de inflación y las expectativas de inflación de los consumidores y la disputa de Steve Jobs con Samsung podrían haber tenido un impacto en el precio de las acciones. Además, los titulares de noticias relacionados con el lanzamiento del iPhone 14, la fuerte demanda de los modelos iPhone 14 Pro, el premio Emmy para un juego de Netflix y la falta de muebles de Steve Jobs también podrían haber tenido un impacto en el precio de las acciones.",可能导致股票价格下跌的原因可能有很多因素。例如，有关芯片行业整合的新闻标题、前苹果公司高管被任命为一家信用卡初创公司、每周失业索赔增加、网站和商店应用程序暂时看起来像“Craigslist”、对新款iPhone 14的混合反应、苹果成为第一家在印度组装智能手机的公司、Snap股票评级游戏、通货膨胀率和消费者通货膨胀预期以及史蒂夫·乔布斯与三星的争端都可能会对股票价格产生影响。此外，有关iPhone 14发布、iPhone 14 Pro型号强劲需求、Netflix游戏赢得艾美奖以及史蒂夫·乔布斯缺乏家具的新闻标题也可能会对股票价格产生影响。,"주가 하락의 원인은 다양한 요인에 의해 발생할 수 있습니다. 예를 들어, 칩 산업 통합과 관련된 뉴스 헤드라인, 신용 카드 스타트업에 애플 이전 인사의 임명, 주간 고용노동자 신고 증가, 웹 사이트와 스토어 앱이 일시적으로 '크래그리스트'와 같아 보이는 것, 새로운 아이폰 14에 대한 혼합된 반응, 인도에서 스마트폰 조립의 첫 주자로 애플, 스냅 주가 등급 게임, 인플레이션 비율과 소비자 인플레이션 예상, 스티브 죠스의 삼성과의 분쟁 등이 모두 주가에 영향을 미칠 수 있었습니다. 또한, 아이폰 14 런칭과 관련된 뉴스 헤드라인, 아이폰 14 프로 모델의 강력한 수요, 넷플릭스 게임의 에미상 수상, 스티브 죠스의 가구 부족 등이 모두 주가에 영향을 미칠 수 있었을 것입니다."
2022-09-29,-4.912,34,"The cause of the drop in stock price is likely due to a combination of factors, including fear among US investors, the departure of a key Apple executive, a decrease in US personal consumption expenditures, reports of iPhone production issues, and a downgrade of Apple's stock rating from Bank of America. Additionally, other news such as the removal of Russia's largest social media network from Apple's App Store, as well as a decrease in iPhone demand in China, could have contributed to the drop in stock price.","La causa de la baja en el precio de las acciones es probablemente debida a una combinación de factores, incluyendo el temor entre los inversores estadounidenses, la salida de un ejecutivo clave de Apple, una disminución en los gastos de consumo personal de EE. UU., informes de problemas de producción de iPhone y una rebaja de la calificación de las acciones de Apple por parte del Bank of America. Además, otras noticias, como la eliminación de la red social más grande de Rusia de la App Store de Apple, así como una disminución de la demanda de iPhone en China, podrían haber contribuido a la baja en el precio de las acciones.",由于多种因素，包括美国投资者的恐惧、苹果关键高管的离职、美国个人消费支出的减少、iPhone生产问题的报道以及美国银行对苹果股票评级的下调，苹果股票价格的下跌可能是由此造成的。此外，把俄罗斯最大的社交媒体网络从苹果应用商店中移除以及中国iPhone需求的减少等其他新闻也可能导致股票价格的下跌。,"주가 하락의 원인은 미국 투자자들의 공포, 애플의 핵심 인사의 이탈, 미국 개인 소비 지출 감소, 아이폰 생산 문제 보고, 뱅크 오브 아메리카의 애플 주가 등급 감소 등 여러 요인의 조합으로 추정됩니다. 또한 러시아에서 가장 큰 소셜 미디어 네트워크가 애플 앱 스토어에서 제거되고 중국의 아이폰 수요가 감소하는 등 다른 뉴스가 주가 하락에 기여할 수도 있습니다."
2022-10-28,7.555,32,"The cause of the rise in the stock price can be attributed to several factors. These include Apple's new products, better-than-expected earnings, strong consumer demand, positive analyst reports, and new initiatives. Additionally, the stock price may have been affected by a strong overall market, with other tech stocks also seeing gains.","La causa del aumento del precio de las acciones se puede atribuir a varios factores. Estos incluyen los nuevos productos de Apple, unos resultados mejores de lo esperado, una fuerte demanda de los consumidores, informes positivos de los analistas y nuevas iniciativas. Además, el precio de las acciones pudo haberse visto afectado por un fuerte mercado general, con otros valores de tecnología también viendo ganancias.",导致股价上涨的原因可以归因于几个因素。这些因素包括苹果公司的新产品，超预期的收益，强劲的消费需求，积极的分析师报告以及新的举措。此外，股价可能受到整体市场的强劲影响，其他科技股也出现增长。,"주가 상승의 원인은 여러 가지 요인에 의해 할 수 있습니다. 이는 애플의 새로운 제품, 예상보다 높은 수익, 강한 소비자 수요, 긍정적인 분석가 보고서 및 새로운 사업 촉진에 의해 작용했습니다. 또한 주가는 강한 시장 전반에 의해 영향을 받을 수 있었으며, 다른 기술 주식도 상승을 기록했습니다."
2022-11-03,-4.241,14,"The cause of the drop in the stock price is likely related to news related to Apple's products and services. Specifically, reports of malware attacks on iPhones, speculation about a foldable device by 2024, reports of China's health ministry's severe and disruptive measures to contain the coronavirus, and Apple's lower-than-expected iPhone 14 sales in China could all have contributed to the drop in the stock price. Additionally, news about Apple retaining Qualcomm's 5G modems, the departures of key executives, and Apple's record sales despite missing on iPhone sales could have also impacted the stock price. Finally, the market volatility and the Dow's jump over the 30,000 mark could have factored into the drop in the stock price.","La causa de la caída en el precio de las acciones es probablemente relacionada con noticias relacionadas con los productos y servicios de Apple. Específicamente, los informes de ataques de malware en iPhones, las especulaciones sobre un dispositivo plegable para 2024, los informes de las medidas severas y disruptivas del Ministerio de Salud de China para contener el coronavirus, y las ventas de iPhone 14 más bajas de lo esperado en China, podrían haber contribuido a la caída en el precio de las acciones. Además, las noticias sobre Apple que mantiene los módems 5G de Qualcomm, las salidas de ejecutivos clave, y las ventas récord de Apple a pesar de no lograr las ventas de iPhone, podrían haber impactado el precio de las acciones. Finalmente, la volatilidad del mercado y el salto del Dow sobre la marca de 30.000 podrían haber influido en la caída del precio de las acciones.",导致股价下跌的原因可能与与苹果产品和服务有关的新闻有关。具体而言，有关iPhone遭受恶意软件攻击的报道，2024年可能推出折叠式设备的猜测，中国卫生部采取严厉而破坏性措施控制冠状病毒的报道以及苹果在中国的iPhone 14销售低于预期的报道都可能导致股价下跌。此外，苹果留住高通的5G调制解调器的消息，关键高管的离职以及尽管iPhone销售不佳但仍创下纪录的销售额，这些消息也可能影响到股价。最后，市场波动以及道琼斯指数突破3万大关可能也是导致股价下跌的原因之一。,"주가 하락의 원인은 애플의 제품 및 서비스에 관련된 뉴스에 관련된 것으로 추정됩니다. 구체적으로, 아이폰 멀웨어 공격 보고, 2024년까지의 접힘 가능한 기기에 대한 추측, 중국 건강보건 부의 코로나바이러스를 억제하기 위한 강력하고 방해적인 조치 보고, 중국에서의 아이폰 14의 기대 이하 판매 등이 주가 하락에 기여할 수 있었을 것입니다. 또한, 쿼커모드의 5G 모뎀을 유지하는 것에 관한 소식, 핵심 직원의 근무 중단, 아이폰 판매에 실패하더라도 기록적인 판매 등이 주가에 영향을 미칠 수도 있었습니다. 마지막으로, 시장 변동성과 다우 지수가 3만 개를 돌파하는 것도 주가 하락에 영향을 미칠 수 있었을 것입니다."
2022-11-10,8.897,26,"The cause of the rise in the stock price is likely due to a combination of news related to Apple Inc. (NASDAQ: AAPL). This includes news related to the company's products, such as the iPhone and AirTag, as well as news related to the company's operations, such as its commitment of $450 million for the iPhone 14's satellite project, and its hiring of a startup founder as its information chief. Additionally, news related to Apple's suppliers, such as Foxconn, and news related to the company's competitors, such as Samsung, could also be contributing to the rise in the stock price.","La causa del aumento del precio de las acciones es probablemente debido a una combinación de noticias relacionadas con Apple Inc. (NASDAQ: AAPL). Esto incluye noticias relacionadas con los productos de la compañía, como el iPhone y AirTag, así como noticias relacionadas con las operaciones de la compañía, como su compromiso de 450 millones de dólares para el proyecto de satélite del iPhone 14 y su contratación de un fundador de una startup como jefe de información. Además, las noticias relacionadas con los proveedores de Apple, como Foxconn, y las noticias relacionadas con los competidores de la compañía, como Samsung, también podrían contribuir al aumento del precio de las acciones.",股价上涨的原因可能是由于与苹果公司（NASDAQ：AAPL）有关的新闻综合作用。这包括与公司产品（如iPhone和AirTag）有关的新闻，以及与公司业务（如450万美元用于iPhone 14卫星项目的承诺，以及雇佣一位创业者担任信息主管）有关的新闻。此外，与苹果供应商（如富士康）有关的新闻以及与公司竞争对手（如三星）有关的新闻也可能会导致股价上涨。,"주가 상승의 원인은 기업의 제품(아이폰과 에어태그 등)과 운영(450백만 달러를 투자한 아이폰 14 위성 프로젝트, 정보 책임자로 스타트업 창업자를 임명한 등)과 관련된 뉴스 뿐만 아니라, 폭스콘과 같은 공급업체와 삼성과 같은 경쟁업체와 관련된 뉴스 등이 주가 상승에 기여할 수 있을 것으로 예상됩니다. (NASDAQ: AAPL)"
2022-11-30,4.859,37,"The cause of the rise in the stock price can vary depending on the particular news headlines and articles. For example, in the case of Apple (AAPL), the cause of the rise in the stock price could be due to news about new products, such as the iPhone 15 series, new features, such as Emergency SOS via satellite, or positive analyst reports. Other news stories, such as the announcement of a new supplier or the launch of a new app, could also cause a rise in the stock price. Additionally, news stories about the company's CEO, such as Elon Musk's feud with Tim Cook, could also cause a rise in the stock price.","La causa del aumento del precio de las acciones puede variar dependiendo de los titulares y artículos de noticias particulares. Por ejemplo, en el caso de Apple (AAPL), la causa del aumento del precio de las acciones podría ser debido a noticias sobre nuevos productos, como la serie iPhone 15, nuevas características, como SOS de emergencia vía satélite, o informes positivos de los analistas. Otras historias de noticias, como el anuncio de un nuevo proveedor o el lanzamiento de una nueva aplicación, también podrían causar un aumento en el precio de las acciones. Además, noticias sobre el CEO de la empresa, como la disputa de Elon Musk con Tim Cook, también podrían causar un aumento en el precio de las acciones.",股票价格上涨的原因可能因新闻标题和文章的不同而有所不同。例如，在苹果（AAPL）的情况下，股票价格上涨的原因可能是由于有关新产品（如iPhone 15系列）、新功能（如卫星紧急援助）或正面分析师报告的新闻。其他新闻故事，如公司新供应商的宣布或新应用程序的发布，也可能导致股票价格上涨。此外，关于公司首席执行官的新闻故事，如埃隆·马斯克（Elon Musk）与蒂姆·库克（Tim Cook）的争端，也可能导致股票价格上涨。,"주가 상승의 원인은 관련 뉴스 기사와 기사의 제목에 따라 다를 수 있습니다. 예를 들어, 애플(AAPL)의 경우, 주가 상승의 원인은 아이폰 15 시리즈 등의 새로운 제품, 위성을 통한 긴급 상황 대응(Emergency SOS) 등의 새로운 기능, 긍정적인 분석가 보고서 등이 될 수 있습니다. 또한 새로운 공급업체 발표, 새로운 앱 런칭 등의 뉴스도 주가에 상승을 일으킬 수 있습니다. 또한, 엘론 머스크(Elon Musk)과 팀 쿡(Tim Cook) 간의 분쟁과 같은 회사의 CEO에 관한 뉴스도 주가 상승을 일으킬 수 있습니다."
2022-12-15,-4.685,22,"The cause of the drop in the stock price is likely due to a combination of factors. The headlines and articles point to a variety of issues, including the death of Steve Jobs, market sell-offs, investor sentiment, Apple's recent product releases, the impact of COVID-19 on suppliers, security vulnerabilities, and the introduction of outside app stores. These issues have likely caused investors to be wary and caused the stock price to drop.","La causa de la baja en el precio de las acciones es probablemente debido a una combinación de factores. Las noticias y artículos señalan una variedad de problemas, incluyendo la muerte de Steve Jobs, las ventas de mercado, el sentimiento de los inversores, los lanzamientos recientes de productos de Apple, el impacto de COVID-19 en los proveedores, las vulnerabilidades de seguridad y la introducción de tiendas de aplicaciones externas. Estos problemas probablemente han hecho que los inversores sean cautelosos y han provocado la baja del precio de las acciones.",股票价格下跌的原因可能是多种因素的综合作用。新闻标题和文章指出了多种问题，包括史蒂夫·乔布斯的去世、市场抛售、投资者情绪、苹果最近的产品发布、新冠肺炎对供应商的影响、安全漏洞以及外部应用商店的引入。这些问题可能导致投资者提高警惕，导致股票价格下跌。,"주가 하락의 원인은 여러 가지 요인의 조합에 의한 것으로 보입니다. 뉴스 기사들은 스티브 잡스의 사망, 시장 판매, 투자자 감정, 애플의 최근 제품 발매, 코로나19의 공급업체에 미치는 영향, 보안 취약점, 외부 앱스토어의 도입 등 다양한 문제를 가리키고 있습니다. 이러한 문제들은 투자자들이 조심해하고, 주가가 하락하게 되었을 가능성이 높습니다."
2023-05-05,4.693,27,"The cause of the rise in the stock price appears to be a combination of positive news and strong economic data. Positive news includes the auction of a $175 check signed by Steve Jobs, Tim Cook reiterating that mass layoffs are a last resort, top 5 positions in Warren Buffett's portfolio, Barron's weekend stock picks, Berkshire Hathaway's $35.5 billion profit, Warren Buffett's comments on Apple's percentage of Berkshire Hathaway's portfolio, Hollywood flourishing without writers, Warren Buffett's outlook on the economy, Apple's strong quarterly earnings, Apple not playing the AI hype game, and Apple restoring its iPhone superpower. Strong economic data includes strong jobs data, US labor market strength, and strong April jobs data. All of these factors likely contributed to the rise in stock prices.","La causa del aumento en el precio de las acciones parece ser una combinación de noticias positivas y datos económicos sólidos. Las noticias positivas incluyen la subasta de un cheque de $175 firmado por Steve Jobs, Tim Cook reiterando que los despidos masivos son un último recurso, las 5 mejores posiciones en el portafolio de Warren Buffett, los consejos de acciones de Barron's durante el fin de semana, el beneficio de 35.5 mil millones de dólares de Berkshire Hathaway, los comentarios de Warren Buffett sobre el porcentaje de Berkshire Hathaway en el portafolio de Apple, el florecimiento de Hollywood sin guionistas, la perspectiva de Warren Buffett sobre la economía, los fuertes resultados trimestrales de Apple, Apple no jugando el juego de la hipérbole de la IA y Apple restaurando su poderío de iPhone. Los datos económicos sólidos incluyen datos sólidos de empleo, la fuerza del mercado laboral estadounidense y datos sólidos de empleo de abril. Todos estos factores probablemente contribuyeron al aumento en los precios de las acciones.",由于新闻积极向上和经济数据强劲，股票价格上涨的原因似乎是一个综合体。积极的新闻包括史蒂夫·乔布斯签名的175美元支票的拍卖，蒂姆·库克重申大规模裁员只是最后的手段，沃伦·巴菲特投资组合的前五名，巴伦周末股票推荐，伯克希尔·哈撒韦公司35.5亿美元的利润，沃伦·巴菲特对苹果在伯克希尔·哈撒韦投资组合中的比例的评论，好莱坞在没有编剧的情况下蓬勃发展，沃伦·巴菲特对经济前景的看法，苹果强劲的季度收益，苹果不参与AI炒作，以及苹果恢复其iPhone超级权力。强劲的经济数据包括强劲的就业数据，美国劳动力市场的实力，以及4月份的强劲就业数据。所有这些因素可能都导致了股票价格的上涨。,"주가 상승의 원인은 긍정적인 뉴스와 강한 경제 데이터의 조합으로 보인다. 긍정적인 뉴스로는 스티브 조즈가 서명한 175 달러 수표가 경매되었고, 팀 쿡이 대규모 해고는 마지막 수단이라고 다시 강조했고, 워렌 버페의 포트폴리오 상위 5위, 바론스 주말 주식 추천, 버킹하웨이의 35.5 억 달러 수익, 워렌 버페의 애플의 버킹하웨이 포트폴리오 비중에 대한 발언, 작가 없이도 화려한 활동을 하는 할리우드, 워렌 버페의 경제 전망, 애플의 강력한 분기 수익, 애플이 AI 하이프 게임에서 멀어지고 있고, 애플이 아이폰의 슈퍼파워를 복구하고 있음이 있다. 강한 경제 데이터로는 강한 취업 데이터, 미국 노동시장 강화, 그리고 4월 취업 데이터가 있다. 모든 이러한 요소가 주가 상승에 기여한 것으로 보인다."
2023-08-04,-4.802,24,"The cause of the drop in the stock price is likely due to a combination of factors, including disappointing earnings reports, increased inflation, and a weak job market. In particular, Apple (AAPL) has been hit hard due to disappointing iPhone sales and a cautious approach to the Chinese market. Additionally, investors have been concerned about rising interest rates, which has led to a sell-off of growth stocks.","La causa de la caída en el precio de las acciones es probablemente debido a una combinación de factores, incluyendo informes de resultados decepcionantes, una inflación aumentada y un mercado laboral débil. En particular, Apple (AAPL) ha sido golpeado duramente debido a las ventas decepcionantes del iPhone y un enfoque cauteloso hacia el mercado chino. Además, los inversores han estado preocupados por los aumentos de las tasas de interés, lo que ha llevado a una venta de acciones de crecimiento.",由于包括令人失望的收益报告、通货膨胀增加和疲弱的就业市场在内的多种因素，股票价格的下跌很可能是由此造成的。尤其是，苹果（AAPL）由于iPhone销量令人失望和对中国市场的谨慎态度而受到严重打击。此外，投资者一直担心利率上升，这导致增长股遭到抛售。,"주가 하락의 원인은 불만족스러운 수익 보고, 인플레이션 증가 및 약한 취업 시장 등의 여러 가지 요인이 조합된 것으로 추정됩니다. 특히, Apple(AAPL)은 iPhone 판매 불만족 및 중국 시장에 대한 조심스러운 접근 때문에 강하게 상해를 입었습니다. 또한, 금리 상승에 대한 투자자의 걱정 때문에 성장주들의 판매가 일어났습니다."
